"Marsh_Class","veg_year","VVI","avg_salinity..ppt."
"Brackish",2006,44.0178318181818,10.9877776335715
"Fresh",2006,48.8306375,1.57782979078851
"Intermediate",2006,34.155416,6.54569851982789
"Saline",2006,47.8308405405405,19.9874369305375
