"Marsh_Class","veg_year","VVI","avg_salinity..ppt."
"Brackish",2007,45.9557327868852,7.07637147787025
"Fresh",2007,49.4271880952381,0.739834032225156
"Intermediate",2007,45.9613604651163,3.09997061606253
"Saline",2007,51.7721910447761,15.8022881050389
