"Marsh_Class","veg_year","VVI","avg_salinity..ppt."
"Brackish",2008,46.194715942029,6.22125947181995
"Fresh",2008,41.806638028169,0.857068811940394
"Intermediate",2008,44.2238365217391,3.75360489113124
"Saline",2008,50.1344805555556,12.7703491349189
