"Marsh_Class","veg_year","VVI","avg_salinity..ppt."
"Brackish",2009,49.631234939759,6.78106092953773
"Fresh",2009,50.5262642857143,0.605183127098163
"Intermediate",2009,49.2160772277228,3.46611215307868
"Saline",2009,49.5552736842105,12.9604607638696
