"Marsh_Class","veg_year","VVI","avg_salinity..ppt."
"Brackish",2010,51.489637037037,6.48660791725481
"Fresh",2010,52.955438028169,0.40978540382281
"Intermediate",2010,49.5628905263158,3.300832546512
"Saline",2010,59.9257828571429,11.1172696639655
