"Marsh_Class","veg_year","VVI","avg_salinity..ppt."
"Brackish",2011,52.0695774193548,9.91854060338441
"Fresh",2011,52.1869513888889,0.666486431156455
"Intermediate",2011,55.5715928571429,5.54670624211773
"Saline",2011,46.6247373134328,16.0970260452295
