"Marsh_Class","veg_year","VVI","avg_salinity..ppt."
"Brackish",2012,43.2269848837209,6.69606461184398
"Fresh",2012,45.4804909090909,0.667616867202436
"Intermediate",2012,45.3442775700935,3.60545909894654
"Saline",2012,39.4865732394366,14.7072386559513
