"Marsh_Class","veg_year","VVI","avg_salinity..ppt."
"Brackish",2013,45.0240012345679,5.91402426054559
"Fresh",2013,45.1124578125,0.590082359075804
"Intermediate",2013,41.953081981982,2.578463680794
"Saline",2013,53.608336,13.1386761526225
