"Marsh_Class","veg_year","VVI","avg_salinity..ppt."
"Brackish",2014,44.5452540229885,5.9090782069629
"Fresh",2014,46.5480014492754,0.403765775092455
"Intermediate",2014,41.5646548076923,2.4598097887141
"Saline",2014,47.7166549295775,13.717258657042
