"Marsh_Class","veg_year","VVI","avg_salinity..ppt."
"Brackish",2015,45.3024139534884,5.36123583400721
"Fresh",2015,46.8032521126761,0.420643089938084
"Intermediate",2015,42.8207174311927,1.96352719194937
"Saline",2015,46.7221123076923,13.2354404222161
