"Marsh_Class","veg_year","VVI","avg_salinity..ppt."
"Brackish",2016,42.1742987012987,3.89937084189883
"Fresh",2016,49.293232,0.335116061760346
"Intermediate",2016,38.1041276785714,1.44536183248896
"Saline",2016,52.0678939393939,10.8089311661303
