"Marsh_Class","veg_year","VVI","avg_salinity..ppt."
"Brackish",2017,42.0953228571429,5.22512383732226
"Fresh",2017,52.2430726027397,0.383432347184118
"Intermediate",2017,48.6011050847458,1.59362783442134
"Saline",2017,47.8386352941176,12.3715090702192
