"Marsh_Class","veg_year","VVI","avg_salinity..ppt."
"Brackish",2018,44.5105481012658,5.84905498623517
"Fresh",2018,52.1398493827161,0.345328039658019
"Intermediate",2018,50.2780954545455,2.02864297937981
"Saline",2018,42.721398245614,13.7426361293452
