"Marsh_Class","veg_year","VVI","avg_salinity..ppt."
"Brackish",2019,47.2352276923077,3.49208125618245
"Fresh",2019,48.2581722891566,0.289846392481504
"Intermediate",2019,47.6557462264151,1.21148090844642
"Saline",2019,56.9194548387097,10.2444198404421
